{
  "project_info": {
    "project_number": "872244640879",
    "project_id": "heart-guard-1c49e",
    "storage_bucket": "heart-guard-1c49e.firebasestorage.app"
  },
  "client": [
    {
      "client_info": {
        "mobilesdk_app_id": "1:872244640879:android:53503e5e780fc6a82a619a",
        "android_client_info": {
          "package_name": "com.example.heartguard"
        }
      },
      "oauth_client": [
        {
          "client_id": "872244640879-j27vaoq4pb0fsiae5fae8q8j7l8s72j7.apps.googleusercontent.com",
          "client_type": 3
        }
      ],
      "api_key": [
        {
          "current_key": "AIzaSyAljUNCr6Qh6FikDif2oDZ6tU38wENopC0"
        }
      ],
      "services": {
        "appinvite_service": {
          "other_platform_oauth_client": [
            {
              "client_id": "872244640879-j27vaoq4pb0fsiae5fae8q8j7l8s72j7.apps.googleusercontent.com",
              "client_type": 3
            }
          ]
        }
      }
    }
  ],
  "configuration_version": "1"
}